[{"model": "info.musicstyle", "pk": 1, "fields": {"name": "Pop", "slug": "pop"}}, {"model": "info.musicstyle", "pk": 2, "fields": {"name": "Pop Rock", "slug": "pop rock"}}, {"model": "info.musicstyle", "pk": 3, "fields": {"name": "Pop Latino", "slug": "pop latino"}}, {"model": "info.musicstyle", "pk": 4, "fields": {"name": "Pop Internacional", "slug": "pop internacional"}}, {"model": "info.musicstyle", "pk": 5, "fields": {"name": "R&B", "slug": "r&b"}}, {"model": "info.musicstyle", "pk": 6, "fields": {"name": "Soul", "slug": "soul"}}, {"model": "info.musicstyle", "pk": 7, "fields": {"name": "House", "slug": "house"}}, {"model": "info.musicstyle", "pk": 8, "fields": {"name": "Urbano", "slug": "urbano"}}, {"model": "info.musicstyle", "pk": 9, "fields": {"name": "Rock 80S", "slug": "rock 80s"}}, {"model": "info.musicstyle", "pk": 10, "fields": {"name": "Reguetón", "slug": "reguetón"}}, {"model": "info.musicstyle", "pk": 11, "fields": {"name": "Hip Hop", "slug": "hip hop"}}, {"model": "info.musicstyle", "pk": 12, "fields": {"name": "Música De Cantautor", "slug": "música de cantautor"}}, {"model": "info.musicstyle", "pk": 13, "fields": {"name": "Rock", "slug": "rock"}}, {"model": "info.musicstyle", "pk": 14, "fields": {"name": "Pop Rock Español", "slug": "pop rock español"}}, {"model": "info.musicstyle", "pk": 15, "fields": {"name": "Folk", "slug": "folk"}}, {"model": "info.musicstyle", "pk": 16, "fields": {"name": "Jotas", "slug": "jotas"}}, {"model": "info.musicstyle", "pk": 17, "fields": {"name": "Musicales", "slug": "musicales"}}, {"model": "info.musicstyle", "pk": 18, "fields": {"name": "Flamenco", "slug": "flamenco"}}, {"model": "info.musicstyle", "pk": 19, "fields": {"name": "Baladas", "slug": "baladas"}}, {"model": "info.musicstyle", "pk": 20, "fields": {"name": "Rock Alternativo", "slug": "rock alternativo"}}, {"model": "info.musicstyle", "pk": 21, "fields": {"name": "De Todo Un Poco", "slug": "de todo un poco"}}, {"model": "info.musicstyle", "pk": 22, "fields": {"name": "Gospel", "slug": "gospel"}}, {"model": "info.musicstyle", "pk": 23, "fields": {"name": "Afro", "slug": "afro"}}, {"model": "info.musicstyle", "pk": 24, "fields": {"name": "Jazz", "slug": "jazz"}}, {"model": "info.musicstyle", "pk": 25, "fields": {"name": "De todo un poco", "slug": "de-todo-un-poco"}}, {"model": "info.competitor", "pk": 1, "fields": {"first_name": "Álex", "last_name": "Márquez", "slug": "alex-marquez", "birthdate": "1998-11-24", "city": "Córdoba", "job": "Compositor y coproductor para otros artistas. Marketing digital y restauración", "hobbies": "Surf, gimnasio, pasear, leer y pasar tiempo con sus amigos", "favourite_singer_song": "Pablo López / Vi (Pablo López)", "curious_data": "Se compró su primera guitarra con sus primeros ahorros. Empezó siendo autodidacta, y actualmente recibe clases de canto", "avatar": "competitors/2023/12/13/alex-marquez.jpg", "style": [1, 2, 3]}}, {"model": "info.competitor", "pk": 2, "fields": {"first_name": "Álvaro", "last_name": "Mayo", "slug": "alvaro-mayo", "birthdate": "2002-03-04", "city": "Sevilla", "job": "Estudiante de técnico de sonido,  trabaja en una orquesta y canta en un grupo musical", "hobbies": "El maquillaje", "favourite_singer_song": "Ariana Grande / Break your heart right back (Ariana Grande)", "curious_data": "Le atraen las ciencias ocultas", "avatar": "competitors/2023/12/13/alvaro-mayo.jpg", "style": [4, 5, 6]}}, {"model": "info.competitor", "pk": 3, "fields": {"first_name": "Denna", "last_name": "", "slug": "denna-", "birthdate": "2001-03-30", "city": "Ogíjares (Granada)", "job": "Cantante y actriz. Graduada en un doble grado de arte dramático y artes escénicas en ESAEM, escuela de Antonio Banderas", "hobbies": "Le encanta la cocina y el gimnasio", "favourite_singer_song": "Karol G / Hacerte Volar (Lori Meyers)", "curious_data": "Comienza a cantar a los 10 años y en 2019 publica sus primeros covers y ya tiene 13 temas editados. A raíz de editar “Celebrando”, un dueto con el grupo Bombai comienza a participar en los conciertos de los 40 pop. En 2020 fue telonera de la Oreja de Van Gogh en el festival Push Play de Madrid", "avatar": "competitors/2023/12/13/denna.jpg", "style": [1, 7, 8]}}, {"model": "info.competitor", "pk": 4, "fields": {"first_name": "Bea", "last_name": "", "slug": "bea-", "birthdate": "2004-05-25", "city": "San Fernando de Henares (Madrid)", "job": "Estudiando magisterio de educación primaria y trabaja en una escuela dando clases de música a niños pequeños", "hobbies": "Tocar el piano", "favourite_singer_song": "Adele / Superstition (Stevie Wonder)", "curious_data": "Empezó a estudiar música con tres años e hizo nueve años de clases de piano", "avatar": "competitors/2023/12/13/bea.jpg", "style": [1, 6, 9]}}, {"model": "info.competitor", "pk": 5, "fields": {"first_name": "Paul", "last_name": "Thin", "slug": "paul-thin", "birthdate": "2002-12-14", "city": "Armilla (Granada)", "job": "Estudiante de audiovisuales", "hobbies": "Jugar a videojuegos y el cine", "favourite_singer_song": "Rosalía / The Heart Part 5 (Kendrick Lamar)", "curious_data": "Le gusta mucho cambiar de look, el pop y los musicales. No empezó a cantar urbano hasta que un verano sin poder cantar le llevó a descubrir el rap. Es del mismo pueblo que Rosa López", "avatar": "competitors/2023/12/13/Paul-thin.jpg", "style": [10, 11]}}, {"model": "info.competitor", "pk": 6, "fields": {"first_name": "Omar", "last_name": "", "slug": "omar-", "birthdate": "1997-05-09", "city": "Yunquera de Henares (Guadalajara)", "job": "Técnico de emergencias sanitarias y se está preparando las oposiciones para bombero", "hobbies": "Toca el saxo tenor en una charanga y juega al baloncesto", "favourite_singer_song": "El Kanka y Joaquín Sabina / La canción más hermosa del mundo (Joaquín Sabina)", "curious_data": "Autodidacta y sueña con aprender a componer", "avatar": "competitors/2023/12/13/omar.jpg", "style": [12, 13, 14]}}, {"model": "info.competitor", "pk": 7, "fields": {"first_name": "Chiara", "last_name": "", "slug": "chiara-", "birthdate": "2004-03-11", "city": "Ciutadella de Menorca (Menorca)", "job": "Estudiante de canto moderno en la ESMUC (Barcelona). Cantante durante los veranos en hoteles y restaurantes de Menorca", "hobbies": "Componer,  tocar la guitarra,  el piano y el bajo y  escuchar y estudiar música", "favourite_singer_song": "Mariah Carey y Stevie Wonder / All I want for Christmas is you (Mariah Carey)", "curious_data": "Es medio inglesa", "avatar": "competitors/2023/12/13/chiara.jpg", "style": [1, 2, 5, 6, 15]}}, {"model": "info.competitor", "pk": 8, "fields": {"first_name": "Juanjo", "last_name": "Bona", "slug": "juanjo-bona", "birthdate": "2003-11-10", "city": "Magallón (Zaragoza)", "job": "Estudiante de ingeniería naval en Madrid", "hobbies": "Le gusta la vida rural y alternar,  más de día que de noche: vermut y terraceo. Toca el clarinete, hace teatro y dirige el grupo de música de su Colegio Mayor", "favourite_singer_song": "Queen / Somebody to love (Queen)", "curious_data": "Ganó ‘Jotalent’ de Aragón TV y el concurso más importante de jotas de las fiestas del Pilar durante dos años", "avatar": "competitors/2023/12/13/juanjo-bona.jpg", "style": [13, 16, 17]}}, {"model": "info.competitor", "pk": 9, "fields": {"first_name": "Salma", "last_name": "", "slug": "salma-", "birthdate": "2002-10-04", "city": "Mijas (Málaga)", "job": "Cantante", "hobbies": "Tocar la guitarra,  el piano y componer", "favourite_singer_song": "Vanesa Martín, Dellafuente / Deja que te bese (Alejandro Sanz & Vanesa Martín)", "curious_data": "Le dan miedo las mariposas y ha estado cuatro años federada en baloncesto", "avatar": "competitors/2023/12/13/salma.jpg", "style": [1, 18]}}, {"model": "info.competitor", "pk": 10, "fields": {"first_name": "Lucas", "last_name": "", "slug": "lucas-", "birthdate": "2000-11-10", "city": "Montevideo (Uruguay), actualmente reside", "job": "Barbero", "hobbies": "Cantar", "favourite_singer_song": "Zayn / Late Night Talking (Zayn)", "curious_data": "Dejó los estudios para dedicarse a la música. Posteriormente, estudió tres años de canto", "avatar": "competitors/2023/12/13/lucas.jpg", "style": [1, 5, 13]}}, {"model": "info.competitor", "pk": 11, "fields": {"first_name": "Cris", "last_name": "", "slug": "cris-", "birthdate": "1999-09-20", "city": "San Cristóbal de La Laguna (Tenerife)", "job": "Actor de teatro musical", "hobbies": "Videojuegos,  salir con amigos y jugar al billar", "favourite_singer_song": "Pablo Alborán, Bruno Mars / Locked out of heaven (Bruno Mars).", "curious_data": "Hace beatbox, canta en un coro de Tenerife (Novae Vocal Ensamble)", "avatar": "competitors/2023/12/13/cris.jpg", "style": [1, 5, 6, 19]}}, {"model": "info.competitor", "pk": 12, "fields": {"first_name": "Martin", "last_name": "Urrutia", "slug": "martin-urrutia", "birthdate": "2005-03-30", "city": "Getxo (Bizkaia)", "job": "Acaba de comenzar la carrera de Arte Dramático", "hobbies": "Actividades culturales con sus amigos", "favourite_singer_song": "The Kooks /Taking Pictures of You (The Kooks)", "curious_data": "Fue figurante en una película de Alex de Iglesia, una experiencia que le encantó", "avatar": "competitors/2023/12/13/martin-urrutia.jpg", "style": [1, 20]}}, {"model": "info.competitor", "pk": 13, "fields": {"first_name": "Naiara", "last_name": "", "slug": "naiara-", "birthdate": "1997-04-29", "city": "Zaragoza (Zaragoza)", "job": "Cantante de orquesta", "hobbies": "Le encanta ir en coche sola escuchando música", "favourite_singer_song": "Quevedo y Whitney Houston / Me falta algo (Quevedo)", "curious_data": "Es autodidacta y el día de su cumpleaños se canta a sí misma ‘Cumpleaños Feliz’", "avatar": "competitors/2023/12/13/naiara.jpg", "style": [25]}}, {"model": "info.competitor", "pk": 14, "fields": {"first_name": "Ruslana", "last_name": "", "slug": "ruslana-", "birthdate": "2005-09-10", "city": "Madrid", "job": "Cursando 2º de Bachiller (Artes Escénicas)", "hobbies": "Tocar instrumentos (bajo eléctrico,  le relaja el sonido). Le gusta el arte,  el mundo de la moda,  la interpretación y el baile", "favourite_singer_song": "Måneskin, Coldplay / Gossip (Måneskin)", "curious_data": "Estuvo en la preselección para Eurovisión Junior de Bielorrusia en 2017 y 2019", "avatar": "competitors/2023/12/13/ruslana.jpg", "style": [5, 6, 13]}}, {"model": "info.competitor", "pk": 15, "fields": {"first_name": "Suzette", "last_name": "", "slug": "suzette-", "birthdate": "2001-04-21", "city": "Santa Cruz de Tenerife (Tenerife)", "job": "Estudiante de Coaching Administrativo y Empresarial", "hobbies": "Componer,  hacer trenzas y patinar", "favourite_singer_song": "Adele, Beyoncé, Alicia Keys / A song for you", "curious_data": "Su país de origen, São Tomé e Príncipe, es muy pequeño y poco conocido, por lo que la gente siempre le pregunta varias veces de dónde es. Su pelo es de quita y pon y siempre se lo está cambiando.", "avatar": "competitors/2023/12/13/suzette.jpg", "style": [1, 5, 6, 22, 23, 24]}}, {"model": "info.competitor", "pk": 16, "fields": {"first_name": "Violeta", "last_name": "Hódar", "slug": "violeta-hodar", "birthdate": "2001-01-23", "city": "Motril (Granada)", "job": "Ha finalizado un grado en periodismo,  publicidad y audiovisuales", "hobbies": "Pintar", "favourite_singer_song": "Beyoncé/ Tango (Roxanne, Moulin Rouge)", "curious_data": "Tocó el clarinete durante 10 años", "avatar": "competitors/2023/12/13/violeta-hodar.jpg", "style": [5]}}, {"model": "info.teacher", "pk": 1, "fields": {"first_name": "Manu", "last_name": "Guix", "slug": "manu-guix", "subject": "MDR", "avatar": "teachers/2023/12/12/manu_guix.jpeg"}}, {"model": "info.teacher", "pk": 2, "fields": {"first_name": "Vicky", "last_name": "Gómez", "slug": "vicky-gomez", "subject": "CHP", "avatar": "teachers/2023/12/12/vicky_gomez.jpeg"}}, {"model": "info.teacher", "pk": 3, "fields": {"first_name": "Mamen", "last_name": "Márquez", "slug": "mamen-marquez", "subject": "VTC", "avatar": "teachers/2023/12/12/mamen_marquez.jpeg"}}, {"model": "info.teacher", "pk": 4, "fields": {"first_name": "Pablo", "last_name": "Lluch", "slug": "pablo-lluch", "subject": "REW", "avatar": "teachers/2023/12/12/pablo_lluch.jpeg"}}, {"model": "info.teacher", "pk": 5, "fields": {"first_name": "Abril", "last_name": "Zamora", "slug": "abril-zamora", "subject": "INT", "avatar": "teachers/2023/12/12/abril_zamora.jpeg"}}, {"model": "info.teacher", "pk": 6, "fields": {"first_name": "Judith", "last_name": "Endje", "slug": "judith-endje", "subject": "UDC", "avatar": "teachers/2023/12/12/judith_endje.jpeg"}}, {"model": "info.teacher", "pk": 7, "fields": {"first_name": "Gerard", "last_name": "Ibáñez", "slug": "gerard-ibanez", "subject": "CSG", "avatar": "teachers/2023/12/12/gerard_ibanez.jpeg"}}, {"model": "info.teacher", "pk": 8, "fields": {"first_name": "Jill", "last_name": "Earnshaw", "slug": "jill-earnshaw", "subject": "ENG", "avatar": "teachers/2023/12/12/jill_earnshaw.jpeg"}}, {"model": "info.teacher", "pk": 9, "fields": {"first_name": "Vic", "last_name": "Mirallas", "slug": "vic-mirallas", "subject": "REW", "avatar": "teachers/2023/12/12/vic_mirallas.jpeg"}}, {"model": "info.teacher", "pk": 10, "fields": {"first_name": "Toni", "last_name": "Hinojosa", "slug": "toni-hinojosa", "subject": "FIT", "avatar": "teachers/2023/12/12/toni_hinojosa.jpeg"}}, {"model": "info.teacher", "pk": 11, "fields": {"first_name": "Verónica", "last_name": "Blume", "slug": "veronica-blume", "subject": "YOG", "avatar": "teachers/2023/12/12/veronica_blume.jpeg"}}, {"model": "info.judge", "pk": 1, "fields": {"first_name": "Concha", "last_name": "Buika", "slug": "concha-buika", "job": "Cantante", "avatar": "judge/2023/12/13/concha_KCyq4MF.jpg"}}, {"model": "info.judge", "pk": 2, "fields": {"first_name": "Cris", "last_name": "Regatero", "slug": "cris-regatero", "job": "Periodista musical y presentadora de la cadena de radio los40", "avatar": "judge/2023/12/13/cris.jpg"}}, {"model": "info.judge", "pk": 3, "fields": {"first_name": "Pablo", "last_name": "Rousselon", "slug": "pablo-rousselon", "job": "Compositor,  cantante e ingeniero de sonido", "avatar": "judge/2023/12/13/pablo.jpg"}}, {"model": "admin.logentry", "pk": 1, "fields": {"action_time": "2023-12-11T19:26:53.289Z", "user": 1, "content_type": 3, "object_id": "9", "object_repr": "Teacher object (9)", "action_flag": 2, "change_message": "[{\"changed\": {\"fields\": [\"Subject\", \"Avatar\"]}}]"}}, {"model": "admin.logentry", "pk": 2, "fields": {"action_time": "2023-12-11T19:27:19.211Z", "user": 1, "content_type": 3, "object_id": "2", "object_repr": "Teacher object (2)", "action_flag": 2, "change_message": "[{\"changed\": {\"fields\": [\"Subject\", \"Avatar\"]}}]"}}, {"model": "admin.logentry", "pk": 3, "fields": {"action_time": "2023-12-11T19:27:55.262Z", "user": 1, "content_type": 3, "object_id": "10", "object_repr": "Teacher object (10)", "action_flag": 2, "change_message": "[{\"changed\": {\"fields\": [\"Subject\", \"Avatar\"]}}]"}}, {"model": "admin.logentry", "pk": 4, "fields": {"action_time": "2023-12-11T19:28:09.061Z", "user": 1, "content_type": 3, "object_id": "11", "object_repr": "Teacher object (11)", "action_flag": 2, "change_message": "[{\"changed\": {\"fields\": [\"Subject\", \"Avatar\"]}}]"}}, {"model": "admin.logentry", "pk": 5, "fields": {"action_time": "2023-12-11T19:28:29.566Z", "user": 1, "content_type": 3, "object_id": "4", "object_repr": "Teacher object (4)", "action_flag": 2, "change_message": "[{\"changed\": {\"fields\": [\"Subject\", \"Avatar\"]}}]"}}, {"model": "admin.logentry", "pk": 6, "fields": {"action_time": "2023-12-11T19:28:54.339Z", "user": 1, "content_type": 3, "object_id": "1", "object_repr": "Teacher object (1)", "action_flag": 2, "change_message": "[{\"changed\": {\"fields\": [\"Subject\", \"Avatar\"]}}]"}}, {"model": "admin.logentry", "pk": 7, "fields": {"action_time": "2023-12-11T19:29:08.087Z", "user": 1, "content_type": 3, "object_id": "3", "object_repr": "Teacher object (3)", "action_flag": 2, "change_message": "[{\"changed\": {\"fields\": [\"Subject\", \"Avatar\"]}}]"}}, {"model": "admin.logentry", "pk": 8, "fields": {"action_time": "2023-12-11T19:29:25.217Z", "user": 1, "content_type": 3, "object_id": "6", "object_repr": "Teacher object (6)", "action_flag": 2, "change_message": "[{\"changed\": {\"fields\": [\"Subject\", \"Avatar\"]}}]"}}, {"model": "admin.logentry", "pk": 9, "fields": {"action_time": "2023-12-11T19:29:38.795Z", "user": 1, "content_type": 3, "object_id": "8", "object_repr": "Teacher object (8)", "action_flag": 2, "change_message": "[{\"changed\": {\"fields\": [\"Subject\", \"Avatar\"]}}]"}}, {"model": "admin.logentry", "pk": 10, "fields": {"action_time": "2023-12-11T19:30:44.508Z", "user": 1, "content_type": 3, "object_id": "7", "object_repr": "Teacher object (7)", "action_flag": 2, "change_message": "[{\"changed\": {\"fields\": [\"Slug\", \"Subject\", \"Avatar\"]}}]"}}, {"model": "admin.logentry", "pk": 11, "fields": {"action_time": "2023-12-11T19:31:00.512Z", "user": 1, "content_type": 3, "object_id": "5", "object_repr": "Teacher object (5)", "action_flag": 2, "change_message": "[{\"changed\": {\"fields\": [\"Subject\", \"Avatar\"]}}]"}}, {"model": "admin.logentry", "pk": 12, "fields": {"action_time": "2023-12-12T14:46:42.521Z", "user": 1, "content_type": 4, "object_id": "2", "object_repr": "Judge object (2)", "action_flag": 2, "change_message": "[{\"changed\": {\"fields\": [\"Job\", \"Avatar\"]}}]"}}, {"model": "admin.logentry", "pk": 13, "fields": {"action_time": "2023-12-12T14:46:55.784Z", "user": 1, "content_type": 4, "object_id": "3", "object_repr": "Judge object (3)", "action_flag": 2, "change_message": "[{\"changed\": {\"fields\": [\"Avatar\"]}}]"}}, {"model": "admin.logentry", "pk": 14, "fields": {"action_time": "2023-12-12T14:47:03.653Z", "user": 1, "content_type": 4, "object_id": "1", "object_repr": "Judge object (1)", "action_flag": 2, "change_message": "[{\"changed\": {\"fields\": [\"Job\", \"Avatar\"]}}]"}}, {"model": "admin.logentry", "pk": 15, "fields": {"action_time": "2023-12-12T14:52:37.876Z", "user": 1, "content_type": 2, "object_id": "16", "object_repr": "Competitor object (16)", "action_flag": 2, "change_message": "[{\"changed\": {\"fields\": [\"Favourite singer song\", \"Curious data\"]}}]"}}, {"model": "admin.logentry", "pk": 16, "fields": {"action_time": "2023-12-12T20:21:15.073Z", "user": 1, "content_type": 3, "object_id": "11", "object_repr": "Teacher object (11)", "action_flag": 2, "change_message": "[{\"changed\": {\"fields\": [\"Avatar\"]}}]"}}, {"model": "admin.logentry", "pk": 17, "fields": {"action_time": "2023-12-12T20:21:25.292Z", "user": 1, "content_type": 3, "object_id": "11", "object_repr": "Teacher object (11)", "action_flag": 2, "change_message": "[{\"changed\": {\"fields\": [\"Avatar\"]}}]"}}, {"model": "admin.logentry", "pk": 18, "fields": {"action_time": "2023-12-12T20:21:36.712Z", "user": 1, "content_type": 3, "object_id": "10", "object_repr": "Teacher object (10)", "action_flag": 2, "change_message": "[{\"changed\": {\"fields\": [\"Avatar\"]}}]"}}, {"model": "admin.logentry", "pk": 19, "fields": {"action_time": "2023-12-12T20:22:46.961Z", "user": 1, "content_type": 3, "object_id": "10", "object_repr": "Teacher object (10)", "action_flag": 2, "change_message": "[{\"changed\": {\"fields\": [\"Avatar\"]}}]"}}, {"model": "admin.logentry", "pk": 20, "fields": {"action_time": "2023-12-12T20:30:25.005Z", "user": 1, "content_type": 3, "object_id": "9", "object_repr": "Teacher object (9)", "action_flag": 2, "change_message": "[{\"changed\": {\"fields\": [\"Avatar\"]}}]"}}, {"model": "admin.logentry", "pk": 21, "fields": {"action_time": "2023-12-12T20:30:48.744Z", "user": 1, "content_type": 3, "object_id": "9", "object_repr": "Teacher object (9)", "action_flag": 2, "change_message": "[{\"changed\": {\"fields\": [\"Avatar\"]}}]"}}, {"model": "admin.logentry", "pk": 22, "fields": {"action_time": "2023-12-12T20:30:56.563Z", "user": 1, "content_type": 3, "object_id": "8", "object_repr": "Teacher object (8)", "action_flag": 2, "change_message": "[{\"changed\": {\"fields\": [\"Avatar\"]}}]"}}, {"model": "admin.logentry", "pk": 23, "fields": {"action_time": "2023-12-12T20:31:22.039Z", "user": 1, "content_type": 3, "object_id": "8", "object_repr": "Teacher object (8)", "action_flag": 2, "change_message": "[{\"changed\": {\"fields\": [\"Avatar\"]}}]"}}, {"model": "admin.logentry", "pk": 24, "fields": {"action_time": "2023-12-12T20:31:27.461Z", "user": 1, "content_type": 3, "object_id": "7", "object_repr": "Teacher object (7)", "action_flag": 2, "change_message": "[{\"changed\": {\"fields\": [\"Avatar\"]}}]"}}, {"model": "admin.logentry", "pk": 25, "fields": {"action_time": "2023-12-12T20:31:53.491Z", "user": 1, "content_type": 3, "object_id": "7", "object_repr": "Teacher object (7)", "action_flag": 2, "change_message": "[{\"changed\": {\"fields\": [\"Avatar\"]}}]"}}, {"model": "admin.logentry", "pk": 26, "fields": {"action_time": "2023-12-12T20:31:59.254Z", "user": 1, "content_type": 3, "object_id": "6", "object_repr": "Teacher object (6)", "action_flag": 2, "change_message": "[{\"changed\": {\"fields\": [\"Avatar\"]}}]"}}, {"model": "admin.logentry", "pk": 27, "fields": {"action_time": "2023-12-12T20:32:12.756Z", "user": 1, "content_type": 3, "object_id": "6", "object_repr": "Teacher object (6)", "action_flag": 2, "change_message": "[{\"changed\": {\"fields\": [\"Avatar\"]}}]"}}, {"model": "admin.logentry", "pk": 28, "fields": {"action_time": "2023-12-12T20:36:27.461Z", "user": 1, "content_type": 3, "object_id": "1", "object_repr": "Teacher object (1)", "action_flag": 2, "change_message": "[{\"changed\": {\"fields\": [\"Avatar\"]}}]"}}, {"model": "admin.logentry", "pk": 29, "fields": {"action_time": "2023-12-12T20:36:36.249Z", "user": 1, "content_type": 3, "object_id": "1", "object_repr": "Teacher object (1)", "action_flag": 2, "change_message": "[{\"changed\": {\"fields\": [\"Avatar\"]}}]"}}, {"model": "admin.logentry", "pk": 30, "fields": {"action_time": "2023-12-12T20:36:42.931Z", "user": 1, "content_type": 3, "object_id": "5", "object_repr": "Teacher object (5)", "action_flag": 2, "change_message": "[{\"changed\": {\"fields\": [\"Avatar\"]}}]"}}, {"model": "admin.logentry", "pk": 31, "fields": {"action_time": "2023-12-12T20:36:51.869Z", "user": 1, "content_type": 3, "object_id": "5", "object_repr": "Teacher object (5)", "action_flag": 2, "change_message": "[{\"changed\": {\"fields\": [\"Avatar\"]}}]"}}, {"model": "admin.logentry", "pk": 32, "fields": {"action_time": "2023-12-12T20:37:05.792Z", "user": 1, "content_type": 3, "object_id": "4", "object_repr": "Teacher object (4)", "action_flag": 2, "change_message": "[{\"changed\": {\"fields\": [\"Avatar\"]}}]"}}, {"model": "admin.logentry", "pk": 33, "fields": {"action_time": "2023-12-12T20:37:13.205Z", "user": 1, "content_type": 3, "object_id": "4", "object_repr": "Teacher object (4)", "action_flag": 2, "change_message": "[{\"changed\": {\"fields\": [\"Avatar\"]}}]"}}, {"model": "admin.logentry", "pk": 34, "fields": {"action_time": "2023-12-12T20:37:18.666Z", "user": 1, "content_type": 3, "object_id": "3", "object_repr": "Teacher object (3)", "action_flag": 2, "change_message": "[{\"changed\": {\"fields\": [\"Avatar\"]}}]"}}, {"model": "admin.logentry", "pk": 35, "fields": {"action_time": "2023-12-12T20:37:25.740Z", "user": 1, "content_type": 3, "object_id": "3", "object_repr": "Teacher object (3)", "action_flag": 2, "change_message": "[{\"changed\": {\"fields\": [\"Avatar\"]}}]"}}, {"model": "admin.logentry", "pk": 36, "fields": {"action_time": "2023-12-12T20:37:30.035Z", "user": 1, "content_type": 3, "object_id": "2", "object_repr": "Teacher object (2)", "action_flag": 2, "change_message": "[{\"changed\": {\"fields\": [\"Avatar\"]}}]"}}, {"model": "admin.logentry", "pk": 37, "fields": {"action_time": "2023-12-12T20:37:42.155Z", "user": 1, "content_type": 3, "object_id": "2", "object_repr": "Teacher object (2)", "action_flag": 2, "change_message": "[{\"changed\": {\"fields\": [\"Avatar\"]}}]"}}, {"model": "admin.logentry", "pk": 38, "fields": {"action_time": "2023-12-13T00:22:53.070Z", "user": 1, "content_type": 4, "object_id": "3", "object_repr": "Judge object (3)", "action_flag": 2, "change_message": "[{\"changed\": {\"fields\": [\"Avatar\"]}}]"}}, {"model": "admin.logentry", "pk": 39, "fields": {"action_time": "2023-12-13T00:23:10.273Z", "user": 1, "content_type": 4, "object_id": "3", "object_repr": "Judge object (3)", "action_flag": 2, "change_message": "[{\"changed\": {\"fields\": [\"Avatar\"]}}]"}}, {"model": "admin.logentry", "pk": 40, "fields": {"action_time": "2023-12-13T00:23:18.000Z", "user": 1, "content_type": 4, "object_id": "2", "object_repr": "Judge object (2)", "action_flag": 2, "change_message": "[{\"changed\": {\"fields\": [\"Avatar\"]}}]"}}, {"model": "admin.logentry", "pk": 41, "fields": {"action_time": "2023-12-13T00:23:27.550Z", "user": 1, "content_type": 4, "object_id": "2", "object_repr": "Judge object (2)", "action_flag": 2, "change_message": "[{\"changed\": {\"fields\": [\"Avatar\"]}}]"}}, {"model": "admin.logentry", "pk": 42, "fields": {"action_time": "2023-12-13T00:23:32.706Z", "user": 1, "content_type": 4, "object_id": "1", "object_repr": "Judge object (1)", "action_flag": 2, "change_message": "[{\"changed\": {\"fields\": [\"Avatar\"]}}]"}}, {"model": "admin.logentry", "pk": 43, "fields": {"action_time": "2023-12-13T00:23:40.421Z", "user": 1, "content_type": 4, "object_id": "1", "object_repr": "Judge object (1)", "action_flag": 2, "change_message": "[{\"changed\": {\"fields\": [\"Avatar\"]}}]"}}, {"model": "admin.logentry", "pk": 44, "fields": {"action_time": "2023-12-13T01:04:37.615Z", "user": 1, "content_type": 4, "object_id": "1", "object_repr": "Judge object (1)", "action_flag": 2, "change_message": "[{\"changed\": {\"fields\": [\"Avatar\"]}}]"}}, {"model": "admin.logentry", "pk": 45, "fields": {"action_time": "2023-12-13T01:04:50.401Z", "user": 1, "content_type": 4, "object_id": "1", "object_repr": "Judge object (1)", "action_flag": 2, "change_message": "[{\"changed\": {\"fields\": [\"Avatar\"]}}]"}}, {"model": "admin.logentry", "pk": 46, "fields": {"action_time": "2023-12-13T01:07:40.514Z", "user": 1, "content_type": 4, "object_id": "1", "object_repr": "Judge object (1)", "action_flag": 2, "change_message": "[{\"changed\": {\"fields\": [\"Avatar\"]}}]"}}, {"model": "admin.logentry", "pk": 47, "fields": {"action_time": "2023-12-13T01:07:45.515Z", "user": 1, "content_type": 4, "object_id": "1", "object_repr": "Judge object (1)", "action_flag": 2, "change_message": "[{\"changed\": {\"fields\": [\"Avatar\"]}}]"}}, {"model": "admin.logentry", "pk": 48, "fields": {"action_time": "2023-12-13T01:09:16.118Z", "user": 1, "content_type": 4, "object_id": "1", "object_repr": "Judge object (1)", "action_flag": 2, "change_message": "[{\"changed\": {\"fields\": [\"Avatar\"]}}]"}}, {"model": "admin.logentry", "pk": 49, "fields": {"action_time": "2023-12-13T01:09:24.045Z", "user": 1, "content_type": 4, "object_id": "1", "object_repr": "Judge object (1)", "action_flag": 2, "change_message": "[{\"changed\": {\"fields\": [\"Avatar\"]}}]"}}, {"model": "admin.logentry", "pk": 50, "fields": {"action_time": "2023-12-13T01:09:50.990Z", "user": 1, "content_type": 4, "object_id": "1", "object_repr": "Judge object (1)", "action_flag": 2, "change_message": "[{\"changed\": {\"fields\": [\"Avatar\"]}}]"}}, {"model": "admin.logentry", "pk": 51, "fields": {"action_time": "2023-12-13T01:09:59.975Z", "user": 1, "content_type": 4, "object_id": "1", "object_repr": "Judge object (1)", "action_flag": 2, "change_message": "[{\"changed\": {\"fields\": [\"Avatar\"]}}]"}}, {"model": "admin.logentry", "pk": 52, "fields": {"action_time": "2023-12-13T01:47:17.401Z", "user": 1, "content_type": 2, "object_id": "1", "object_repr": "Competitor object (1)", "action_flag": 2, "change_message": "[{\"changed\": {\"fields\": [\"Job\", \"Favourite singer song\", \"Curious data\", \"Avatar\"]}}]"}}, {"model": "admin.logentry", "pk": 53, "fields": {"action_time": "2023-12-13T02:17:45.725Z", "user": 1, "content_type": 2, "object_id": "2", "object_repr": "Competitor object (2)", "action_flag": 2, "change_message": "[{\"changed\": {\"fields\": [\"Job\", \"Favourite singer song\", \"Curious data\", \"Avatar\"]}}]"}}, {"model": "admin.logentry", "pk": 54, "fields": {"action_time": "2023-12-13T02:18:23.906Z", "user": 1, "content_type": 2, "object_id": "1", "object_repr": "Competitor object (1)", "action_flag": 2, "change_message": "[{\"changed\": {\"fields\": [\"Favourite singer song\"]}}]"}}, {"model": "admin.logentry", "pk": 55, "fields": {"action_time": "2023-12-13T02:23:58.967Z", "user": 1, "content_type": 2, "object_id": "3", "object_repr": "Competitor object (3)", "action_flag": 2, "change_message": "[{\"changed\": {\"fields\": [\"City\", \"Job\", \"Curious data\", \"Avatar\"]}}]"}}, {"model": "admin.logentry", "pk": 56, "fields": {"action_time": "2023-12-13T02:24:50.437Z", "user": 1, "content_type": 2, "object_id": "3", "object_repr": "Competitor object (3)", "action_flag": 2, "change_message": "[{\"changed\": {\"fields\": [\"Favourite singer song\"]}}]"}}, {"model": "admin.logentry", "pk": 57, "fields": {"action_time": "2023-12-13T02:26:11.626Z", "user": 1, "content_type": 2, "object_id": "4", "object_repr": "Competitor object (4)", "action_flag": 2, "change_message": "[{\"changed\": {\"fields\": [\"City\", \"Favourite singer song\", \"Curious data\", \"Avatar\"]}}]"}}, {"model": "admin.logentry", "pk": 58, "fields": {"action_time": "2023-12-13T02:34:17.481Z", "user": 1, "content_type": 2, "object_id": "5", "object_repr": "Competitor object (5)", "action_flag": 2, "change_message": "[{\"changed\": {\"fields\": [\"City\", \"Favourite singer song\", \"Curious data\", \"Avatar\"]}}]"}}, {"model": "admin.logentry", "pk": 59, "fields": {"action_time": "2023-12-13T02:36:01.034Z", "user": 1, "content_type": 2, "object_id": "6", "object_repr": "Competitor object (6)", "action_flag": 2, "change_message": "[{\"changed\": {\"fields\": [\"City\", \"Favourite singer song\", \"Curious data\", \"Avatar\"]}}]"}}, {"model": "admin.logentry", "pk": 60, "fields": {"action_time": "2023-12-13T02:38:10.417Z", "user": 1, "content_type": 2, "object_id": "7", "object_repr": "Competitor object (7)", "action_flag": 2, "change_message": "[{\"changed\": {\"fields\": [\"City\", \"Job\", \"Hobbies\", \"Favourite singer song\", \"Curious data\", \"Avatar\"]}}]"}}, {"model": "admin.logentry", "pk": 61, "fields": {"action_time": "2023-12-13T02:40:11.257Z", "user": 1, "content_type": 2, "object_id": "8", "object_repr": "Competitor object (8)", "action_flag": 2, "change_message": "[{\"changed\": {\"fields\": [\"City\", \"Job\", \"Hobbies\", \"Favourite singer song\", \"Curious data\", \"Avatar\"]}}]"}}, {"model": "admin.logentry", "pk": 62, "fields": {"action_time": "2023-12-13T02:41:30.741Z", "user": 1, "content_type": 2, "object_id": "9", "object_repr": "Competitor object (9)", "action_flag": 2, "change_message": "[{\"changed\": {\"fields\": [\"City\", \"Favourite singer song\", \"Curious data\", \"Avatar\"]}}]"}}, {"model": "admin.logentry", "pk": 63, "fields": {"action_time": "2023-12-13T02:42:18.722Z", "user": 1, "content_type": 2, "object_id": "10", "object_repr": "Competitor object (10)", "action_flag": 2, "change_message": "[{\"changed\": {\"fields\": [\"City\", \"Favourite singer song\", \"Curious data\", \"Avatar\"]}}]"}}, {"model": "admin.logentry", "pk": 64, "fields": {"action_time": "2023-12-13T02:43:37.966Z", "user": 1, "content_type": 2, "object_id": "11", "object_repr": "Competitor object (11)", "action_flag": 2, "change_message": "[{\"changed\": {\"fields\": [\"City\", \"Favourite singer song\", \"Curious data\", \"Avatar\"]}}]"}}, {"model": "admin.logentry", "pk": 65, "fields": {"action_time": "2023-12-13T02:44:33.611Z", "user": 1, "content_type": 2, "object_id": "12", "object_repr": "Competitor object (12)", "action_flag": 2, "change_message": "[{\"changed\": {\"fields\": [\"City\", \"Job\", \"Favourite singer song\", \"Curious data\", \"Avatar\"]}}]"}}, {"model": "admin.logentry", "pk": 66, "fields": {"action_time": "2023-12-13T02:45:59.446Z", "user": 1, "content_type": 1, "object_id": "25", "object_repr": "De todo un poco", "action_flag": 1, "change_message": "[{\"added\": {}}]"}}, {"model": "admin.logentry", "pk": 67, "fields": {"action_time": "2023-12-13T02:46:10.549Z", "user": 1, "content_type": 2, "object_id": "13", "object_repr": "Competitor object (13)", "action_flag": 2, "change_message": "[{\"changed\": {\"fields\": [\"City\", \"Favourite singer song\", \"Curious data\", \"Style\", \"Avatar\"]}}]"}}, {"model": "admin.logentry", "pk": 68, "fields": {"action_time": "2023-12-13T02:47:19.552Z", "user": 1, "content_type": 2, "object_id": "14", "object_repr": "Competitor object (14)", "action_flag": 2, "change_message": "[{\"changed\": {\"fields\": [\"Job\", \"Hobbies\", \"Favourite singer song\", \"Curious data\", \"Avatar\"]}}]"}}, {"model": "admin.logentry", "pk": 69, "fields": {"action_time": "2023-12-13T02:49:14.543Z", "user": 1, "content_type": 2, "object_id": "15", "object_repr": "Competitor object (15)", "action_flag": 2, "change_message": "[{\"changed\": {\"fields\": [\"City\", \"Job\", \"Favourite singer song\", \"Curious data\", \"Avatar\"]}}]"}}, {"model": "admin.logentry", "pk": 70, "fields": {"action_time": "2023-12-13T02:49:47.569Z", "user": 1, "content_type": 2, "object_id": "16", "object_repr": "Competitor object (16)", "action_flag": 2, "change_message": "[{\"changed\": {\"fields\": [\"City\", \"Avatar\"]}}]"}}, {"model": "admin.logentry", "pk": 71, "fields": {"action_time": "2023-12-13T02:50:33.245Z", "user": 1, "content_type": 2, "object_id": "12", "object_repr": "Competitor object (12)", "action_flag": 2, "change_message": "[{\"changed\": {\"fields\": [\"Avatar\"]}}]"}}, {"model": "admin.logentry", "pk": 72, "fields": {"action_time": "2023-12-13T02:50:42.248Z", "user": 1, "content_type": 2, "object_id": "12", "object_repr": "Competitor object (12)", "action_flag": 2, "change_message": "[{\"changed\": {\"fields\": [\"Avatar\"]}}]"}}, {"model": "admin.logentry", "pk": 73, "fields": {"action_time": "2023-12-13T02:52:24.264Z", "user": 1, "content_type": 2, "object_id": "3", "object_repr": "Competitor object (3)", "action_flag": 2, "change_message": "[{\"changed\": {\"fields\": [\"Curious data\"]}}]"}}, {"model": "admin.logentry", "pk": 74, "fields": {"action_time": "2023-12-13T02:53:01.841Z", "user": 1, "content_type": 2, "object_id": "3", "object_repr": "Competitor object (3)", "action_flag": 2, "change_message": "[{\"changed\": {\"fields\": [\"Curious data\"]}}]"}}, {"model": "admin.logentry", "pk": 75, "fields": {"action_time": "2023-12-13T02:53:21.898Z", "user": 1, "content_type": 2, "object_id": "3", "object_repr": "Competitor object (3)", "action_flag": 2, "change_message": "[{\"changed\": {\"fields\": [\"Curious data\"]}}]"}}, {"model": "auth.user", "pk": 1, "fields": {"password": "pbkdf2_sha256$600000$UW7AeclxPxmSCZwPY9LLPO$0R2dqy7d9g02WpfcCOuK8FCBdwNtc4EzUDmC9NRElH0=", "last_login": "2023-12-12T20:20:00.909Z", "is_superuser": true, "username": "alu", "first_name": "", "last_name": "", "email": "", "is_staff": true, "is_active": true, "date_joined": "2023-12-11T19:17:29.631Z", "groups": [], "user_permissions": []}}, {"model": "sessions.session", "pk": "qojrjb4k19eowdix6b24wzv87426roap", "fields": {"session_data": ".eJxVjEEOgjAURO_StWloSynfpXvPQH7_tBY1kFBYGe-uJCx0O--9eamBt7UMW03LMEKdlVGn3y2yPNK0A9x5us1a5mldxqh3RR-06uuM9Lwc7t9B4Vq-tU8RXTSRpAcSyMJwH6wElx1TcASbBblBDkxW4LtMvrVE4pqItlHvDxdaONY:1rD9EW:uw50rAXgaN6pb6RJbDA5isGaKt7-2RCnw3UroD-g6XQ", "expire_date": "2023-12-26T20:20:00.913Z"}}, {"model": "sessions.session", "pk": "rgkzbys2pw8q9k4hh9akl5jl7tyc9fis", "fields": {"session_data": ".eJxVjEEOgjAURO_StWloSynfpXvPQH7_tBY1kFBYGe-uJCx0O--9eamBt7UMW03LMEKdlVGn3y2yPNK0A9x5us1a5mldxqh3RR-06uuM9Lwc7t9B4Vq-tU8RXTSRpAcSyMJwH6wElx1TcASbBblBDkxW4LtMvrVE4pqItlHvDxdaONY:1rClml:oj1cGEkpQXYfFYsL_oDFoEt0rpEv7nheRO4rlZcy7V4", "expire_date": "2023-12-25T19:17:47.923Z"}}, {"model": "sessions.session", "pk": "x3n9ydplq7nhyo882mpyx43gg2irk775", "fields": {"session_data": ".eJxVjEEOgjAURO_StWloSynfpXvPQH7_tBY1kFBYGe-uJCx0O--9eamBt7UMW03LMEKdlVGn3y2yPNK0A9x5us1a5mldxqh3RR-06uuM9Lwc7t9B4Vq-tU8RXTSRpAcSyMJwH6wElx1TcASbBblBDkxW4LtMvrVE4pqItlHvDxdaONY:1rD3zu:7F3qg75rODxZ9Bv7M2B5AnE06HFXcqxGY81ztGLuZTc", "expire_date": "2023-12-26T14:44:34.001Z"}}]